<?xml version="1.0" encoding="UTF-8"?>
<project-private xmlns="http://www.netbeans.org/ns/project-private/1">
    <editor-bookmarks xmlns="http://www.netbeans.org/ns/editor-bookmarks/1"/>
    <editor-bookmarks xmlns="http://www.netbeans.org/ns/editor-bookmarks/2" lastBookmarkId="0"/>
    <open-files xmlns="http://www.netbeans.org/ns/projectui-open-files/2">
        <group>
            <file>file:/home/maiara/PUC-Campinas/4º%20Semestre/Projetos%20André/POO_Chat/TrabalhoFinalCHAT/src/View/ConversationWindow.java</file>
            <file>file:/home/maiara/PUC-Campinas/4º%20Semestre/Projetos%20André/POO_Chat/TrabalhoFinalCHAT/src/View/TelaPrincipal.java</file>
        </group>
    </open-files>
</project-private>
